File Name,Error Rate
228.fasta,0.0
714.fasta,0.0
557.fasta,0.0
733.fasta,0.0
147.fasta,0.0
251.fasta,0.0
154.fasta,0.0
603.fasta,0.0
220.fasta,0.0
715.fasta,0.0
766.fasta,0.0
614.fasta,0.0
108.fasta,0.0
510.fasta,0.0
26.fasta,0.0
85.fasta,0.0
531.fasta,0.0
267.fasta,0.0
619.fasta,0.0
760.fasta,0.0
950.fasta,0.0
785.fasta,0.00028169014084507044
330.fasta,0.0
274.fasta,0.0
23.fasta,0.0
801.fasta,0.0
139.fasta,0.0
573.fasta,0.0
308.fasta,0.0
449.fasta,0.0
898.fasta,0.0
182.fasta,0.0
71.fasta,0.0
717.fasta,0.0
750.fasta,0.0
456.fasta,0.0
185.fasta,0.0
693.fasta,0.0
995.fasta,0.0
598.fasta,0.0
179.fasta,0.0
925.fasta,0.0
79.fasta,0.0003996802557953637
671.fasta,0.0
635.fasta,0.0
29.fasta,0.0
676.fasta,0.0
181.fasta,0.0
998.fasta,0.0
601.fasta,0.0
115.fasta,0.0
761.fasta,0.00034638032559750607
963.fasta,0.00030385900941962927
101.fasta,0.0
425.fasta,0.00037355248412401944
938.fasta,0.0
457.fasta,0.0
364.fasta,0.0
159.fasta,0.0
525.fasta,0.0
709.fasta,0.0
905.fasta,0.0
113.fasta,0.0004032258064516129
595.fasta,0.0
657.fasta,0.0
678.fasta,0.00034928396786587494
495.fasta,0.0
775.fasta,0.0
347.fasta,0.0
541.fasta,0.000994530084535057
800.fasta,0.0
751.fasta,0.0
906.fasta,0.0
874.fasta,0.0
586.fasta,0.0
881.fasta,0.0007374631268436578
583.fasta,0.0
594.fasta,0.0
916.fasta,0.0
241.fasta,0.0
983.fasta,0.00032499187520311994
890.fasta,0.0
542.fasta,0.0
142.fasta,0.0
559.fasta,0.0
933.fasta,0.0
24.fasta,0.0
808.fasta,0.0
117.fasta,0.0
847.fasta,0.0
392.fasta,0.0
926.fasta,0.0
388.fasta,0.0
880.fasta,0.00048638132295719845
940.fasta,0.0
488.fasta,0.0
180.fasta,0.0
262.fasta,0.0
812.fasta,0.0
655.fasta,0.0003897116134060795
459.fasta,0.00039308176100628933
494.fasta,0.0
188.fasta,0.0
520.fasta,0.0
672.fasta,0.0
636.fasta,0.0004655493482309125
62.fasta,0.0
792.fasta,0.0
932.fasta,0.0
590.fasta,0.0
129.fasta,0.0
816.fasta,0.0
408.fasta,0.0
746.fasta,0.0
873.fasta,0.0
970.fasta,0.0
829.fasta,0.0
138.fasta,0.0
296.fasta,0.00036603221083455345
815.fasta,0.0
748.fasta,0.0
764.fasta,0.0
985.fasta,0.0
858.fasta,0.0
666.fasta,0.0
57.fasta,0.0
976.fasta,0.0
173.fasta,0.0
680.fasta,0.0
523.fasta,0.0
901.fasta,0.0
813.fasta,0.00034818941504178273
690.fasta,0.0
144.fasta,0.0003497726477789437
190.fasta,0.0
415.fasta,0.0
361.fasta,0.0
773.fasta,0.0
114.fasta,0.0
509.fasta,0.0
11.fasta,0.0
633.fasta,0.0
846.fasta,0.0003785011355034065
831.fasta,0.0
17.fasta,0.0
275.fasta,0.0
195.fasta,0.00033444816053511704
1000.fasta,0.00036832412523020257
353.fasta,0.0
446.fasta,0.00037439161362785476
971.fasta,0.0
793.fasta,0.0
43.fasta,0.0
429.fasta,0.0
752.fasta,0.0
478.fasta,0.0
317.fasta,0.0
430.fasta,0.0
564.fasta,0.0
132.fasta,0.0003307972213033411
27.fasta,0.0
329.fasta,0.0
60.fasta,0.0
416.fasta,0.0
158.fasta,0.0004269854824935952
28.fasta,0.0
81.fasta,0.0
558.fasta,0.0
806.fasta,0.0
360.fasta,0.0
783.fasta,0.0
393.fasta,0.0
615.fasta,0.0
386.fasta,0.000355998576005696
704.fasta,0.0
781.fasta,0.0
989.fasta,0.0
849.fasta,0.0
767.fasta,0.0
944.fasta,0.0
356.fasta,0.0
67.fasta,0.0004492362982929021
252.fasta,0.0
804.fasta,0.0
637.fasta,0.0
952.fasta,0.00040032025620496394
604.fasta,0.00042918454935622315
765.fasta,0.0
544.fasta,0.0
884.fasta,0.0
749.fasta,0.0
776.fasta,0.0
821.fasta,0.0
743.fasta,0.0
277.fasta,0.0
331.fasta,0.0
323.fasta,0.0
40.fasta,0.0
366.fasta,0.0
12.fasta,0.0
561.fasta,0.0
465.fasta,0.0
665.fasta,0.0
667.fasta,0.0
724.fasta,0.0
371.fasta,0.0
273.fasta,0.0
935.fasta,0.0
527.fasta,0.0
756.fasta,0.0
20.fasta,0.0
469.fasta,0.0
31.fasta,0.0
703.fasta,0.0
896.fasta,0.0
400.fasta,0.0
537.fasta,0.0
352.fasta,0.0
524.fasta,0.0
626.fasta,0.0
571.fasta,0.00039323633503735744
131.fasta,0.0
349.fasta,0.0
864.fasta,0.0
903.fasta,0.00042735042735042735
214.fasta,0.0
322.fasta,0.0
774.fasta,0.0
258.fasta,0.0
790.fasta,0.0
172.fasta,0.0
355.fasta,0.0
97.fasta,0.0
797.fasta,0.0
174.fasta,0.0
661.fasta,0.0
922.fasta,0.0
699.fasta,0.0003676470588235294
54.fasta,0.0008347245409015025
954.fasta,0.0
992.fasta,0.0
609.fasta,0.0
227.fasta,0.0
702.fasta,0.0
350.fasta,0.0
452.fasta,0.0
21.fasta,0.0
269.fasta,0.0
156.fasta,0.0
856.fasta,0.0
333.fasta,0.0
778.fasta,0.0
335.fasta,0.0
306.fasta,0.0
229.fasta,0.0
202.fasta,0.0
799.fasta,0.0
967.fasta,0.0
945.fasta,0.0
16.fasta,0.00039872408293460925
830.fasta,0.0
994.fasta,0.0
721.fasta,0.0
468.fasta,0.0
194.fasta,0.0
953.fasta,0.0
844.fasta,0.0
276.fasta,0.0
694.fasta,0.0
644.fasta,0.0
107.fasta,0.0
122.fasta,0.0
977.fasta,0.0
788.fasta,0.0
568.fasta,0.0
304.fasta,0.0
515.fasta,0.0
593.fasta,0.0
879.fasta,0.0
475.fasta,0.0
342.fasta,0.0
885.fasta,0.0
534.fasta,0.0
727.fasta,0.0
850.fasta,0.0
177.fasta,0.00032690421706440013
934.fasta,0.0
824.fasta,0.0
409.fasta,0.0
198.fasta,0.0003589375448671931
497.fasta,0.0
620.fasta,0.0
150.fasta,0.0
422.fasta,0.0
549.fasta,0.0
787.fasta,0.0003904724716907458
232.fasta,0.000749063670411985
268.fasta,0.0
313.fasta,0.0
728.fasta,0.0
878.fasta,0.0
980.fasta,0.0
36.fasta,0.0004816955684007707
191.fasta,0.0004768717215069146
521.fasta,0.0
697.fasta,0.00034638032559750607
466.fasta,0.0
64.fasta,0.0
204.fasta,0.0
763.fasta,0.0
522.fasta,0.0
853.fasta,0.0
255.fasta,0.00040016006402561027
421.fasta,0.0
503.fasta,0.00040617384240454913
192.fasta,0.0
206.fasta,0.0
984.fasta,0.0
477.fasta,0.0
843.fasta,0.0
691.fasta,0.0
683.fasta,0.0
219.fasta,0.0
53.fasta,0.0
244.fasta,0.0
381.fasta,0.0
7.fasta,0.0
536.fasta,0.0
991.fasta,0.0
91.fasta,0.0
587.fasta,0.0
92.fasta,0.0
526.fasta,0.0
257.fasta,0.0
576.fasta,0.0
863.fasta,0.0
860.fasta,0.0004366812227074236
233.fasta,0.0
402.fasta,0.0
238.fasta,0.0
820.fasta,0.0
249.fasta,0.0
22.fasta,0.0
569.fasta,0.00036536353671903543
167.fasta,0.0
943.fasta,0.00043402777777777775
45.fasta,0.00040816326530612246
90.fasta,0.0
384.fasta,0.0003641660597232338
164.fasta,0.0
575.fasta,0.0003972983710766786
962.fasta,0.0
404.fasta,0.0
293.fasta,0.0003208213025344883
997.fasta,0.00044802867383512545
489.fasta,0.0
25.fasta,0.0
248.fasta,0.0
51.fasta,0.0
160.fasta,0.0
981.fasta,0.0
892.fasta,0.0
68.fasta,0.0
501.fasta,0.0
947.fasta,0.0
212.fasta,0.0
473.fasta,0.0
689.fasta,0.0
731.fasta,0.0003401360544217687
401.fasta,0.0
316.fasta,0.0
88.fasta,0.0
218.fasta,0.0
196.fasta,0.0
798.fasta,0.0
533.fasta,0.0
628.fasta,0.0003403675970047651
918.fasta,0.0
210.fasta,0.0
344.fasta,0.0
271.fasta,0.0
183.fasta,0.0
354.fasta,0.0
668.fasta,0.0
555.fasta,0.0
518.fasta,0.0
848.fasta,0.0
875.fasta,0.0
80.fasta,0.0
2.fasta,0.0
318.fasta,0.0
396.fasta,0.0
511.fasta,0.0
413.fasta,0.0
631.fasta,0.0
866.fasta,0.0
6.fasta,0.0
311.fasta,0.0
652.fasta,0.0
432.fasta,0.0
379.fasta,0.0
686.fasta,0.0
951.fasta,0.0
959.fasta,0.0
653.fasta,0.0004008016032064128
418.fasta,0.0
487.fasta,0.0
584.fasta,0.0
625.fasta,0.0
32.fasta,0.0
302.fasta,0.0
786.fasta,0.0
440.fasta,0.0
629.fasta,0.0
423.fasta,0.0
48.fasta,0.0
700.fasta,0.0
923.fasta,0.0
969.fasta,0.0
832.fasta,0.0003827018752391887
444.fasta,0.0
762.fasta,0.0
389.fasta,0.0
499.fasta,0.0
405.fasta,0.0
484.fasta,0.0
993.fasta,0.0
589.fasta,0.0
175.fasta,0.0
960.fasta,0.0
650.fasta,0.0
651.fasta,0.000392156862745098
882.fasta,0.0
741.fasta,0.0
658.fasta,0.0
913.fasta,0.0
470.fasta,0.0
732.fasta,0.00046253469010175765
720.fasta,0.0
136.fasta,0.0
18.fasta,0.0
486.fasta,0.0
640.fasta,0.0
208.fasta,0.0
613.fasta,0.0004180602006688963
84.fasta,0.0
872.fasta,0.0003732736095558044
61.fasta,0.0
394.fasta,0.0
143.fasta,0.0
490.fasta,0.0
55.fasta,0.0
578.fasta,0.0
867.fasta,0.0
294.fasta,0.0
740.fasta,0.0
397.fasta,0.0
95.fasta,0.0
236.fasta,0.0004060089321965083
638.fasta,0.0
359.fasta,0.0
63.fasta,0.0
654.fasta,0.0
351.fasta,0.0
782.fasta,0.0
128.fasta,0.0
705.fasta,0.0
942.fasta,0.0
162.fasta,0.0
777.fasta,0.0004116920543433512
871.fasta,0.0
582.fasta,0.0
771.fasta,0.0
10.fasta,0.0
645.fasta,0.0
759.fasta,0.0
58.fasta,0.0
545.fasta,0.0
326.fasta,0.0
833.fasta,0.0
126.fasta,0.0
137.fasta,0.0002886002886002886
414.fasta,0.0
47.fasta,0.0003944773175542406
391.fasta,0.0
243.fasta,0.0
480.fasta,0.0003808073115003808
876.fasta,0.0003204101249599487
681.fasta,0.0
924.fasta,0.0
283.fasta,0.0
121.fasta,0.0
140.fasta,0.0
75.fasta,0.0
59.fasta,0.0
209.fasta,0.0
37.fasta,0.0
298.fasta,0.0
579.fasta,0.0
434.fasta,0.0
955.fasta,0.0
285.fasta,0.0
13.fasta,0.0
910.fasta,0.0
826.fasta,0.0
931.fasta,0.0
445.fasta,0.0
986.fasta,0.0
979.fasta,0.0
818.fasta,0.0004020908725371934
726.fasta,0.0003961965134706815
842.fasta,0.0
999.fasta,0.0
320.fasta,0.0
857.fasta,0.0
239.fasta,0.0
912.fasta,0.0
516.fasta,0.0
436.fasta,0.0
862.fasta,0.0004288164665523156
532.fasta,0.0
900.fasta,0.0
265.fasta,0.0
948.fasta,0.0
151.fasta,0.0
223.fasta,0.0
623.fasta,0.0
123.fasta,0.0
367.fasta,0.0
605.fasta,0.0
110.fasta,0.0
407.fasta,0.00031575623618566466
517.fasta,0.0
802.fasta,0.0
437.fasta,0.0
104.fasta,0.0
560.fasta,0.0
44.fasta,0.0004182350480970305
89.fasta,0.0
310.fasta,0.0
528.fasta,0.00035310734463276836
789.fasta,0.0
170.fasta,0.0
455.fasta,0.0
146.fasta,0.0
290.fasta,0.0
949.fasta,0.0
362.fasta,0.0
565.fasta,0.0
758.fasta,0.0
130.fasta,0.0
245.fasta,0.0
677.fasta,0.0
630.fasta,0.0
454.fasta,0.0
247.fasta,0.0
99.fasta,0.0
794.fasta,0.0
52.fasta,0.0
713.fasta,0.0
496.fasta,0.00042918454935622315
261.fasta,0.0
259.fasta,0.0
165.fasta,0.0
199.fasta,0.0
240.fasta,0.0
663.fasta,0.0
673.fasta,0.0
390.fasta,0.0
602.fasta,0.0
577.fasta,0.0
611.fasta,0.0
529.fasta,0.00042517006802721087
447.fasta,0.0
504.fasta,0.0
823.fasta,0.0
197.fasta,0.0
336.fasta,0.0
325.fasta,0.0
664.fasta,0.0
897.fasta,0.0003819709702062643
810.fasta,0.0
735.fasta,0.0
1.fasta,0.0
435.fasta,0.00041339396444811904
710.fasta,0.0
65.fasta,0.0
649.fasta,0.0
915.fasta,0.0
530.fasta,0.0
373.fasta,0.0
403.fasta,0.0
968.fasta,0.0
280.fasta,0.0
827.fasta,0.0
894.fasta,0.0004572473708276177
965.fasta,0.0
891.fasta,0.0007074637424831977
978.fasta,0.0
617.fasta,0.0
83.fasta,0.0
189.fasta,0.0
795.fasta,0.0
646.fasta,0.0
908.fasta,0.0
711.fasta,0.0
904.fasta,0.0
38.fasta,0.0
805.fasta,0.0
780.fasta,0.0
111.fasta,0.0
263.fasta,0.0
374.fasta,0.0
865.fasta,0.0
682.fasta,0.0
3.fasta,0.0003681885125184094
839.fasta,0.00040617384240454913
911.fasta,0.0
972.fasta,0.0
852.fasta,0.0
237.fasta,0.0
828.fasta,0.0
556.fasta,0.0
382.fasta,0.0
736.fasta,0.0
632.fasta,0.0
859.fasta,0.0
224.fasta,0.0
784.fasta,0.0
753.fasta,0.0
701.fasta,0.0
961.fasta,0.0
722.fasta,0.0
845.fasta,0.0
42.fasta,0.0
380.fasta,0.0
102.fasta,0.0
877.fasta,0.0
284.fasta,0.0
642.fasta,0.0
662.fasta,0.0
551.fasta,0.0003661662394727206
659.fasta,0.0
153.fasta,0.0
8.fasta,0.0
937.fasta,0.0
363.fasta,0.0
861.fasta,0.0003951007506914263
309.fasta,0.0
585.fasta,0.0
357.fasta,0.0
87.fasta,0.0008684324793747286
152.fasta,0.0
334.fasta,0.0
439.fasta,0.0
513.fasta,0.0
348.fasta,0.0
9.fasta,0.0
974.fasta,0.0003862495171881035
419.fasta,0.00034234851078397807
420.fasta,0.0
957.fasta,0.0
332.fasta,0.0
514.fasta,0.0
378.fasta,0.0
234.fasta,0.00037993920972644377
870.fasta,0.0
300.fasta,0.0
442.fasta,0.0
462.fasta,0.0
315.fasta,0.0
599.fasta,0.0
502.fasta,0.0
707.fasta,0.0
34.fasta,0.00041322314049586776
508.fasta,0.0
106.fasta,0.0
643.fasta,0.0
580.fasta,0.0
574.fasta,0.0
919.fasta,0.0
225.fasta,0.0
260.fasta,0.0
807.fasta,0.0
506.fasta,0.0
299.fasta,0.0
4.fasta,0.0
930.fasta,0.0
398.fasta,0.0
990.fasta,0.0
50.fasta,0.0
543.fasta,0.0
321.fasta,0.0
591.fasta,0.0004389815627743635
869.fasta,0.0
669.fasta,0.00040257648953301127
253.fasta,0.0
606.fasta,0.0
235.fasta,0.0
118.fasta,0.0
112.fasta,0.0
706.fasta,0.0
358.fasta,0.0
120.fasta,0.0
535.fasta,0.0
155.fasta,0.0
687.fasta,0.0
254.fasta,0.00042158516020236085
512.fasta,0.0
424.fasta,0.0
809.fasta,0.0
365.fasta,0.0
441.fasta,0.00029308323563892143
305.fasta,0.0
902.fasta,0.0
747.fasta,0.0
427.fasta,0.0
346.fasta,0.0
213.fasta,0.0
211.fasta,0.0
74.fasta,0.0
696.fasta,0.0
207.fasta,0.0
297.fasta,0.0
770.fasta,0.0
86.fasta,0.00034494653328734045
282.fasta,0.0
889.fasta,0.0008281573498964803
303.fasta,0.0
929.fasta,0.0
834.fasta,0.0
343.fasta,0.0
256.fasta,0.0
149.fasta,0.0
616.fasta,0.0
987.fasta,0.0
939.fasta,0.0
399.fasta,0.0
917.fasta,0.00046468401486988845
757.fasta,0.0
266.fasta,0.0
498.fasta,0.0
319.fasta,0.0
548.fasta,0.0
817.fasta,0.0
289.fasta,0.0
608.fasta,0.00075046904315197
946.fasta,0.0
226.fasta,0.0
105.fasta,0.0006472491909385113
66.fasta,0.0
184.fasta,0.0
216.fasta,0.0
634.fasta,0.0
395.fasta,0.0
103.fasta,0.0
692.fasta,0.0
507.fasta,0.0
345.fasta,0.0
19.fasta,0.0
312.fasta,0.0
836.fasta,0.0
77.fasta,0.0
376.fasta,0.0
458.fasta,0.000355998576005696
500.fasta,0.0
656.fasta,0.0003732736095558044
341.fasta,0.0
754.fasta,0.0
93.fasta,0.0
78.fasta,0.0
443.fasta,0.0
324.fasta,0.0
708.fasta,0.00043687199650502403
941.fasta,0.0
769.fasta,0.0
460.fasta,0.0
822.fasta,0.0
744.fasta,0.0
607.fasta,0.0
540.fasta,0.0
463.fasta,0.0
292.fasta,0.0
723.fasta,0.0
725.fasta,0.0
127.fasta,0.0
618.fasta,0.0
854.fasta,0.0
547.fasta,0.0
30.fasta,0.0
835.fasta,0.0
772.fasta,0.0
936.fasta,0.0
648.fasta,0.0
563.fasta,0.0
328.fasta,0.0
314.fasta,0.0
387.fasta,0.0
907.fasta,0.0
479.fasta,0.0007920792079207921
581.fasta,0.00045641259698767686
246.fasta,0.0
814.fasta,0.0
201.fasta,0.0
597.fasta,0.0
464.fasta,0.0
337.fasta,0.0
135.fasta,0.0
278.fasta,0.0
383.fasta,0.0
461.fasta,0.0
796.fasta,0.0
570.fasta,0.0
886.fasta,0.0
688.fasta,0.0
340.fasta,0.0
975.fasta,0.0
410.fasta,0.0002966478789676654
851.fasta,0.0
287.fasta,0.0
377.fasta,0.0
41.fasta,0.00038095238095238096
483.fasta,0.0
675.fasta,0.0
791.fasta,0.0
739.fasta,0.0
588.fasta,0.0
76.fasta,0.0
920.fasta,0.0
660.fasta,0.0
94.fasta,0.0
928.fasta,0.0
35.fasta,0.0
193.fasta,0.0
163.fasta,0.0
125.fasta,0.0004268032437046522
428.fasta,0.0
742.fasta,0.0
96.fasta,0.0
46.fasta,0.0
481.fasta,0.0
148.fasta,0.0
187.fasta,0.0
450.fasta,0.0
539.fasta,0.0
301.fasta,0.0
718.fasta,0.0
176.fasta,0.0
385.fasta,0.0
370.fasta,0.0
412.fasta,0.0
327.fasta,0.0
453.fasta,0.0
281.fasta,0.0
745.fasta,0.0
14.fasta,0.0003779289493575208
956.fasta,0.0
899.fasta,0.0
837.fasta,0.0
779.fasta,0.0
553.fasta,0.0
909.fasta,0.0003866976024748647
973.fasta,0.0
231.fasta,0.0
491.fasta,0.0
841.fasta,0.0
685.fasta,0.0
982.fasta,0.0
712.fasta,0.00035971223021582735
893.fasta,0.0
472.fasta,0.0
803.fasta,0.0
738.fasta,0.0
895.fasta,0.0
161.fasta,0.0
221.fasta,0.0
554.fasta,0.0
119.fasta,0.0
205.fasta,0.0
572.fasta,0.0
217.fasta,0.0
964.fasta,0.0
492.fasta,0.0
369.fasta,0.0003356831151393085
264.fasta,0.0
411.fasta,0.0
186.fasta,0.0
729.fasta,0.0
768.fasta,0.0
288.fasta,0.0
98.fasta,0.00034578146611341634
819.fasta,0.0
291.fasta,0.0
406.fasta,0.0
485.fasta,0.0
716.fasta,0.0
641.fasta,0.0
200.fasta,0.0
166.fasta,0.0
825.fasta,0.0
372.fasta,0.0
141.fasta,0.0
474.fasta,0.0
307.fasta,0.0
178.fasta,0.0
493.fasta,0.0
600.fasta,0.0
230.fasta,0.0
286.fasta,0.0
988.fasta,0.0
482.fasta,0.0
546.fasta,0.0
730.fasta,0.0
621.fasta,0.0
368.fasta,0.0
679.fasta,0.0
552.fasta,0.0
622.fasta,0.0
375.fasta,0.0
157.fasta,0.0004037141703673799
838.fasta,0.0
49.fasta,0.0
124.fasta,0.0
72.fasta,0.0
550.fasta,0.0
279.fasta,0.0
448.fasta,0.0
272.fasta,0.0
966.fasta,0.0
222.fasta,0.0
567.fasta,0.0
719.fasta,0.0
627.fasta,0.0
56.fasta,0.0
438.fasta,0.0
82.fasta,0.0005178663904712584
169.fasta,0.0
109.fasta,0.0
145.fasta,0.0
270.fasta,0.0
674.fasta,0.0
887.fasta,0.0
538.fasta,0.0
592.fasta,0.0
698.fasta,0.0
73.fasta,0.0
647.fasta,0.0
70.fasta,0.0
612.fasta,0.00033025099075297226
338.fasta,0.0
811.fasta,0.0
250.fasta,0.0
203.fasta,0.0
15.fasta,0.0
670.fasta,0.0
134.fasta,0.0
433.fasta,0.0
295.fasta,0.0005002501250625312
888.fasta,0.0
519.fasta,0.00047036688617121356
339.fasta,0.0
417.fasta,0.0
639.fasta,0.0
505.fasta,0.0
33.fasta,0.0
624.fasta,0.0
868.fasta,0.0
215.fasta,0.0
755.fasta,0.0
610.fasta,0.0
69.fasta,0.0
476.fasta,0.0
168.fasta,0.0
116.fasta,0.0
737.fasta,0.0005302226935312832
242.fasta,0.0
855.fasta,0.0
734.fasta,0.00041203131437989287
39.fasta,0.0
562.fasta,0.0
840.fasta,0.0
431.fasta,0.0
100.fasta,0.0
566.fasta,0.0003716090672612412
921.fasta,0.0
958.fasta,0.0004918839153959665
684.fasta,0.0
471.fasta,0.0
596.fasta,0.0
5.fasta,0.0
171.fasta,0.0
426.fasta,0.0
927.fasta,0.0
467.fasta,0.0
451.fasta,0.0
883.fasta,0.0
914.fasta,0.0
695.fasta,0.0
133.fasta,0.0
996.fasta,0.0004351610095735422
